{
  "RandomForest": {
    "accuracy_mean": 0.9440833333333334,
    "accuracy_std": 0.005970638665762443,
    "auc_mean": 0.9893157027526638,
    "auc_std": 0.0023035994127719394
  },
  "XGBoost": {
    "accuracy_mean": 0.9746071428571428,
    "accuracy_std": 0.003528632478104358,
    "auc_mean": 0.9978291325706609,
    "auc_std": 0.0007815642005128124
  },
  "CatBoost": {
    "accuracy_mean": 0.9733928571428571,
    "accuracy_std": 0.0033860625365066286,
    "auc_mean": 0.9977352999931336,
    "auc_std": 0.0009512010155707991
  },
  "Ensemble": {
    "accuracy_mean": 0.9727499999999999,
    "accuracy_std": 0.002824315380692195,
    "auc_mean": 0.9969258266487875,
    "auc_std": 0.001266894521770474
  }
}